{
    "name": "root",
    "gauges": {
        "Agent.Policy.Entropy.mean": {
            "value": 0.900837242603302,
            "min": 0.900837242603302,
            "max": 0.900837242603302,
            "count": 1
        },
        "Agent.Policy.Entropy.sum": {
            "value": 524.2872924804688,
            "min": 524.2872924804688,
            "max": 524.2872924804688,
            "count": 1
        },
        "Agent.IsTraining.mean": {
            "value": 1.0,
            "min": 1.0,
            "max": 1.0,
            "count": 1
        },
        "Agent.IsTraining.sum": {
            "value": 1.0,
            "min": 1.0,
            "max": 1.0,
            "count": 1
        }
    },
    "metadata": {
        "timer_format_version": "0.1.0",
        "start_time_seconds": "1712440821",
        "python_version": "3.8.10 (tags/v3.8.10:3d8993a, May  3 2021, 11:48:03) [MSC v.1928 64 bit (AMD64)]",
        "command_line_arguments": "C:\\Users\\aleyn\\AppData\\Local\\Programs\\Python\\Python38\\Scripts\\mlagents-learn config/agent_config.yaml --run-id=training2 --resume --env=bobthebuilder/Final Project Testing V2 --num-envs=6",
        "mlagents_version": "0.28.0",
        "mlagents_envs_version": "0.28.0",
        "communication_protocol_version": "1.5.0",
        "pytorch_version": "1.7.1+cu110",
        "numpy_version": "1.24.4",
        "end_time_seconds": "1712441029"
    },
    "total": 207.7165828,
    "count": 1,
    "self": 0.42497029999998404,
    "children": {
        "run_training.setup": {
            "total": 0.47790069999999996,
            "count": 1,
            "self": 0.47790069999999996
        },
        "TrainerController.start_learning": {
            "total": 206.81371180000002,
            "count": 1,
            "self": 0.18636059999974464,
            "children": {
                "TrainerController._reset_env": {
                    "total": 8.3827714,
                    "count": 1,
                    "self": 7.411914299999999,
                    "children": {
                        "demo_to_buffer": {
                            "total": 0.9708570999999999,
                            "count": 2,
                            "self": 9.290000000028442e-05,
                            "children": {
                                "load_demonstration": {
                                    "total": 0.015418600000000282,
                                    "count": 2,
                                    "self": 0.014122999999999664,
                                    "children": {
                                        "read_file": {
                                            "total": 0.0012956000000006185,
                                            "count": 2,
                                            "self": 0.0012956000000006185
                                        }
                                    }
                                },
                                "make_demo_buffer": {
                                    "total": 0.9553455999999994,
                                    "count": 2,
                                    "self": 0.13758800000001514,
                                    "children": {
                                        "steps_from_proto": {
                                            "total": 0.8177575999999842,
                                            "count": 4896,
                                            "self": 0.4234242999996969,
                                            "children": {
                                                "_process_rank_one_or_two_observation": {
                                                    "total": 0.3943333000002873,
                                                    "count": 19584,
                                                    "self": 0.3943333000002873
                                                }
                                            }
                                        }
                                    }
                                }
                            }
                        }
                    }
                },
                "TrainerController.advance": {
                    "total": 198.06980710000028,
                    "count": 5076,
                    "self": 0.13768210000185377,
                    "children": {
                        "env_step": {
                            "total": 166.20814579999953,
                            "count": 5076,
                            "self": 11.205801099995597,
                            "children": {
                                "SubprocessEnvManager._take_step": {
                                    "total": 154.8687761000037,
                                    "count": 25297,
                                    "self": 1.4936039000050698,
                                    "children": {
                                        "TorchPolicy.evaluate": {
                                            "total": 153.37517219999864,
                                            "count": 25277,
                                            "self": 26.84014259999948,
                                            "children": {
                                                "TorchPolicy.sample_actions": {
                                                    "total": 126.53502959999916,
                                                    "count": 25277,
                                                    "self": 126.53502959999916
                                                }
                                            }
                                        }
                                    }
                                },
                                "workers": {
                                    "total": 0.13356860000022586,
                                    "count": 5076,
                                    "self": 0.0,
                                    "children": {
                                        "worker_root": {
                                            "total": 1202.2017464999935,
                                            "count": 25296,
                                            "is_parallel": true,
                                            "self": 1113.3272563999922,
                                            "children": {
                                                "steps_from_proto": {
                                                    "total": 0.002386100000001612,
                                                    "count": 6,
                                                    "is_parallel": true,
                                                    "self": 0.0010273000000022847,
                                                    "children": {
                                                        "_process_rank_one_or_two_observation": {
                                                            "total": 0.0013587999999993272,
                                                            "count": 24,
                                                            "is_parallel": true,
                                                            "self": 0.0013587999999993272
                                                        }
                                                    }
                                                },
                                                "UnityEnvironment.step": {
                                                    "total": 88.87210400000129,
                                                    "count": 25296,
                                                    "is_parallel": true,
                                                    "self": 2.4143613999976594,