{
    "name": "root",
    "gauges": {
        "Agent.Policy.Entropy.mean": {
            "value": 2.2599802017211914,
            "min": 2.06351900100708,
            "max": 2.2599802017211914,
            "count": 4
        },
        "Agent.Policy.Entropy.sum": {
            "value": 113062.2890625,
            "min": 24448.123046875,
            "max": 113062.2890625,
            "count": 4
        },
        "Agent.Step.mean": {
            "value": 799936.0,
            "min": 649980.0,
            "max": 799936.0,
            "count": 4
        },
        "Agent.Step.sum": {
            "value": 799936.0,
            "min": 649980.0,
            "max": 799936.0,
            "count": 4
        },
        "Agent.Policy.ExtrinsicValueEstimate.mean": {
            "value": 7.79400110244751,
            "min": -198.46035766601562,
            "max": 7.79400110244751,
            "count": 4
        },
        "Agent.Policy.ExtrinsicValueEstimate.sum": {
            "value": 6149.466796875,
            "min": -156585.21875,
            "max": 6149.466796875,
            "count": 4
        },
        "Agent.Policy.GailValueEstimate.mean": {
            "value": 2.1372485160827637,
            "min": 2.1372485160827637,
            "max": 4.018560886383057,
            "count": 4
        },
        "Agent.Policy.GailValueEstimate.sum": {
            "value": 1686.2890625,
            "min": 739.4151611328125,
            "max": 3082.978515625,
            "count": 4
        },
        "Agent.Environment.EpisodeLength.mean": {
            "value": 1202.3333333333333,
            "min": 1202.3333333333333,
            "max": 1202.5,
            "count": 4
        },
        "Agent.Environment.EpisodeLength.sum": {
            "value": 50498.0,
            "min": 9620.0,
            "max": 50498.0,
            "count": 4
        },
        "Agent.Environment.CumulativeReward.mean": {
            "value": -1253.9237951620348,
            "min": -1253.9237951620348,
            "max": 955.2762026224462,
            "count": 4
        },
        "Agent.Environment.CumulativeReward.sum": {
            "value": -52664.799396805465,
            "min": -52664.799396805465,
            "max": 40121.60051014274,
            "count": 4
        },
        "Agent.Policy.ExtrinsicReward.mean": {
            "value": -1253.9237951620348,
            "min": -1253.9237951620348,
            "max": 955.2762026224462,
            "count": 4
        },
        "Agent.Policy.ExtrinsicReward.sum": {
            "value": -52664.799396805465,
            "min": -52664.799396805465,
            "max": 40121.60051014274,
            "count": 4
        },
        "Agent.Policy.GailReward.mean": {
            "value": 35.28320938073745,
            "min": 18.362345031058,
            "max": 44.96794442555432,
            "count": 4
        },
        "Agent.Policy.GailReward.sum": {
            "value": 1481.894793990973,
            "min": 146.898760248464,
            "max": 1888.6536658732814,
            "count": 4
        },
        "Agent.Losses.PolicyLoss.mean": {
            "value": 0.02468862675440808,
            "min": 0.022649869879630084,
            "max": 0.026283015974392275,
            "count": 4
        },
        "Agent.Losses.PolicyLoss.sum": {
            "value": 0.1234431337720404,
            "min": 0.022649869879630084,
            "max": 0.13141507987196138,
            "count": 4
        },
        "Agent.Losses.ValueLoss.mean": {
            "value": 9965.256909179687,
            "min": 2083.1576212565105,
            "max": 9965.256909179687,
            "count": 4
        },
        "Agent.Losses.ValueLoss.sum": {
            "value": 49826.28454589844,
            "min": 2763.0533365885417,
            "max": 49826.28454589844,
            "count": 4
        },
        "Agent.Policy.LearningRate.mean": {
            "value": 0.00027684528771824,
            "min": 0.00027684528771824,
            "max": 0.00028054284648571995,
            "count": 4
        },
        "Agent.Policy.LearningRate.sum": {
            "value": 0.0013842264385912,
            "min": 0.00028054284648571995,
            "max": 0.0013919211360262998,
            "count": 4
        },
        "Agent.Policy.Epsilon.mean": {
            "value": 0.19228176000000002,
            "min": 0.19228176000000002,
            "max": 0.19351428000000004,
            "count": 4
        },
        "Agent.Policy.Epsilon.sum": {
            "value": 0.9614088000000002,
            "min": 0.19351428000000004,
            "max": 0.9639737000000002,
            "count": 4
        },
        "Agent.Policy.Beta.mean": {
            "value": 0.0004621806240000001,
            "min": 0.0004621806240000001,
            "max": 0.0004682199720000001,
            "count": 4
        },
        "Agent.Policy.Beta.sum": {
            "value": 0.0023109031200000004,
            "min": 0.0004682199720000001,
            "max": 0.00232347113,
            "count": 4
        },
        "Agent.Policy.GAILPolicyEstimate.mean": {
            "value": 0.02557342701591551,
            "min": 0.02386293841836353,
            "max": 0.029911097104195504,
            "count": 4
        },
        "Agent.Policy.GAILPolicyEstimate.sum": {
            "value": 0.12786713507957756,
            "min": 0.02491544858397295,
            "max": 0.12786713507957756,
            "count": 4
        },
        "Agent.Policy.GAILExpertEstimate.mean": {
            "value": 0.9908999488751092,
            "min": 0.9854456593592962,
            "max": 0.9908999488751092,
            "count": 4
        },
        "Agent.Policy.GAILExpertEstimate.sum": {
            "value": 4.954499744375546,
            "min": 0.9854456593592962,
            "max": 4.954499744375546,
            "count": 4
        },
        "Agent.Losses.GAILLoss.mean": {
            "value": 0.04124275329833229,
            "min": 0.04124275329833229,
            "max": 0.049904381025892994,
            "count": 4
        },
        "Agent.Losses.GAILLoss.sum": {
            "value": 0.20621376649166145,
            "min": 0.047799403158326946,
            "max": 0.21076520246764024,
            "count": 4
        },
        "Agent.Policy.GAILGradMagLoss.mean": {
            "value": 0.03378950754490992,
            "min": 0.03378950754490992,
            "max": 0.1924858149761955,
            "count": 4
        },
        "Agent.Policy.GAILGradMagLoss.sum": {
            "value": 0.1689475377245496,
            "min": 0.16424243714039527,
            "max": 0.1924858149761955,
            "count": 4
        },
        "Agent.Losses.PretrainingLoss.mean": {
            "value": 0.16434620122114818,
            "min": 0.16434620122114818,
            "max": 0.18607933322588602,
            "count": 4
        },
        "Agent.Losses.PretrainingLoss.sum": {
            "value": 0.8217310061057409,
            "min": 0.18607933322588602,
            "max": 0.8437151859203975,
            "count": 4
        },
        "Agent.IsTraining.mean": {
            "value": 1.0,
            "min": 1.0,
            "max": 1.0,
            "count": 4
        },
        "Agent.IsTraining.sum": {
            "value": 1.0,
            "min": 1.0,
            "max": 1.0,
            "count": 4
        }
    },
    "metadata": {
        "timer_format_version": "0.1.0",
        "start_time_seconds": "1712357505",
        "python_version": "3.9.7 | packaged by conda-forge | (default, Sep 29 2021, 19:23:19) \n[Clang 11.1.0 ]",
        "command_line_arguments": "/Users/aleynawarner/miniconda3/envs/unity-mla/bin/mlagents-learn config/agent_config.yaml --run-id=training2 --resume",
        "mlagents_version": "0.28.0",
        "mlagents_envs_version": "0.28.0",
        "communication_protocol_version": "1.5.0",
        "pytorch_version": "1.8.0.post3",
        "numpy_version": "1.20.0",
        "end_time_seconds": "1712358593"
    },
    "total": 1087.6752626250002,
    "count": 1,