{"count":1,"self":322.8903424,"total":11824.2992581,"children":{"InitializeActuators":{"count":2,"self":0.0020005,"total":0.0020005,"children":null},"InitializeSensors":{"count":2,"self":0.0050009,"total":0.0050009,"children":null},"AgentSendState":{"count":1014384,"self":24.0514656,"total":44.3070388,"children":{"CollectObservations":{"count":405800,"self":1.8523699999999999,"total":1.8523701,"children":null},"WriteActionMask":{"count":405800,"self":0.3467898,"total":0.3467898,"children":null},"RequestDecision":{"count":405800,"self":0.8161153,"total":18.056412899999998,"children":{"AgentInfo.ToProto":{"count":405800,"self":1.1752126,"total":17.240297599999998,"children":{"GenerateSensorData":{"count":405800,"self":15.070721599999999,"total":16.065085,"children":{"RayPerceptionSensor.Perceive":{"count":405800,"self":0.99436379999999991,"total":0.99436379999999991,"children":null}}}}}}}}},"DecideAction":{"count":1014384,"self":11453.876633599999,"total":11453.8763829,"children":null},"AgentAct":{"count":1014384,"self":3.1984774,"total":3.1984774,"children":null},"AgentInfo.ToProto":{"count":336,"self":0.0030034999999999997,"total":0.0190109,"children":{"GenerateSensorData":{"count":336,"self":0.013006199999999999,"total":0.016007399999999998,"children":{"RayPerceptionSensor.Perceive":{"count":336,"self":0.0030012,"total":0.0030012,"children":null}}}}}},"gauges":{"Agent.CumulativeReward":{"count":336,"max":5138.839,"min":-121.294991,"runningAverage":2154.15381,"value":5106.30273,"weightedAverage":3159.92773}},"metadata":{"timer_format_version":"0.1.0","start_time_seconds":"1712530233","unity_version":"2020.3.40f1","command_line_arguments":"C:\\Users\\aleyn\\devland\\300\\lab7to9-robot-tournament-main\\bobthebuilder\/Final Project Testing V2.exe --mlagents-port 5008 -logFile C:\\Users\\aleyn\\devland\\300\\lab7to9-robot-tournament-main\\results\\training15\\run_logs\\Player-3.log","communication_protocol_version":"1.5.0","com.unity.ml-agents_version":"2.0.1","scene_name":"AgentTraining","end_time_seconds":"1712542057"}}