{"count":1,"self":242.92288,"total":703.386076,"children":{"InitializeActuators":{"count":2,"self":0.0065639999999999995,"total":0.0065639999999999995,"children":null},"InitializeSensors":{"count":2,"self":0.010964,"total":0.010964,"children":null},"AgentSendState":{"count":397317,"self":13.3724416,"total":23.805235999999997,"children":{"CollectObservations":{"count":158928,"self":1.4181679999999999,"total":1.4181679999999999,"children":null},"WriteActionMask":{"count":158928,"self":0.26785,"total":0.26785,"children":null},"RequestDecision":{"count":158928,"self":0.814167,"total":8.7467759999999988,"children":{"AgentInfo.ToProto":{"count":158928,"self":0.657225,"total":7.9326089999999994,"children":{"GenerateSensorData":{"count":158928,"self":6.5711911999999995,"total":7.275384,"children":{"RayPerceptionSensor.Perceive":{"count":158928,"self":0.704193,"total":0.704193,"children":null}}}}}}}}},"DecideAction":{"count":397317,"self":434.6737664,"total":434.673766,"children":null},"AgentAct":{"count":397317,"self":1.950998,"total":1.950998,"children":null},"AgentInfo.ToProto":{"count":132,"self":0.001112,"total":0.0073349999999999995,"children":{"GenerateSensorData":{"count":132,"self":0.005503,"total":0.0062229999999999994,"children":{"RayPerceptionSensor.Perceive":{"count":132,"self":0.00071999999999999994,"total":0.00071999999999999994,"children":null}}}}}},"gauges":{"Agent.CumulativeReward":{"count":132,"max":8879.7,"min":-33938.84,"runningAverage":-13017.7939,"value":-5986.19971,"weightedAverage":-6013.758}},"metadata":{"timer_format_version":"0.1.0","start_time_seconds":"1712358772","unity_version":"2020.3.40f1","command_line_arguments":"\/Applications\/Unity\/Hub\/Editor\/2020.3.40f1\/Unity.app\/Contents\/MacOS\/Unity -projectpath \/Users\/aleynawarner\/lab7to9-robot-tournament-main -useHub -hubIPC -cloudEnvironment production -licensingIpc LicenseClient-aleynawarner -hubSessionId 19d9426b-43aa-4a25-b43a-01f174a4cf2b -accessToken JsWpAgJ-iMBWnkR4l63E9kHR_KN088-u1omIbrPsk9M003f","communication_protocol_version":"1.5.0","com.unity.ml-agents_version":"2.0.1","scene_name":"AgentTraining","end_time_seconds":"1712359475"}}