{
    "name": "root",
    "gauges": {
        "Agent.Policy.Entropy.mean": {
            "value": 4.095956802368164,
            "min": 4.095956802368164,
            "max": 4.095956802368164,
            "count": 1
        },
        "Agent.Policy.Entropy.sum": {
            "value": 205019.015625,
            "min": 205019.015625,
            "max": 205019.015625,
            "count": 1
        },
        "Agent.Step.mean": {
            "value": 49990.0,
            "min": 49990.0,
            "max": 49990.0,
            "count": 1
        },
        "Agent.Step.sum": {
            "value": 49990.0,
            "min": 49990.0,
            "max": 49990.0,
            "count": 1
        },
        "Agent.Policy.ExtrinsicValueEstimate.mean": {
            "value": 0.09136459976434708,
            "min": 0.09136459976434708,
            "max": 0.09136459976434708,
            "count": 1
        },
        "Agent.Policy.ExtrinsicValueEstimate.sum": {
            "value": 72.086669921875,
            "min": 72.086669921875,
            "max": 72.086669921875,
            "count": 1
        },
        "Agent.Policy.GailValueEstimate.mean": {
            "value": 1.918311595916748,
            "min": 1.918311595916748,
            "max": 1.918311595916748,
            "count": 1
        },
        "Agent.Policy.GailValueEstimate.sum": {
            "value": 1513.5478515625,
            "min": 1513.5478515625,
            "max": 1513.5478515625,
            "count": 1
        },
        "Agent.Environment.EpisodeLength.mean": {
            "value": 1202.35,
            "min": 1202.35,
            "max": 1202.35,
            "count": 1
        },
        "Agent.Environment.EpisodeLength.sum": {
            "value": 48094.0,
            "min": 48094.0,
            "max": 48094.0,
            "count": 1
        },
        "Agent.Environment.CumulativeReward.mean": {
            "value": -0.7350000701844692,
            "min": -0.7350000701844692,
            "max": -0.7350000701844692,
            "count": 1
        },
        "Agent.Environment.CumulativeReward.sum": {
            "value": -29.40000280737877,
            "min": -29.40000280737877,
            "max": -29.40000280737877,
            "count": 1
        },
        "Agent.Policy.ExtrinsicReward.mean": {
            "value": -0.7350000701844692,
            "min": -0.7350000701844692,
            "max": -0.7350000701844692,
            "count": 1
        },
        "Agent.Policy.ExtrinsicReward.sum": {
            "value": -29.40000280737877,
            "min": -29.40000280737877,
            "max": -29.40000280737877,
            "count": 1
        },
        "Agent.Policy.GailReward.mean": {
            "value": 120.70374126215465,
            "min": 120.70374126215465,
            "max": 120.70374126215465,
            "count": 1
        },
        "Agent.Policy.GailReward.sum": {
            "value": 4828.149650486186,
            "min": 4828.149650486186,
            "max": 4828.149650486186,
            "count": 1
        },
        "Agent.Losses.PolicyLoss.mean": {
            "value": 0.023721514175243402,
            "min": 0.023721514175243402,
            "max": 0.023721514175243402,
            "count": 1
        },
        "Agent.Losses.PolicyLoss.sum": {
            "value": 0.09488605670097361,
            "min": 0.09488605670097361,
            "max": 0.09488605670097361,
            "count": 1
        },
        "Agent.Losses.ValueLoss.mean": {
            "value": 3.601536553353071,
            "min": 3.601536553353071,
            "max": 3.601536553353071,
            "count": 1
        },
        "Agent.Losses.ValueLoss.sum": {
            "value": 14.406146213412285,
            "min": 14.406146213412285,
            "max": 14.406146213412285,
            "count": 1
        },
        "Agent.Policy.LearningRate.mean": {
            "value": 0.00029922919525693495,
            "min": 0.00029922919525693495,
            "max": 0.00029922919525693495,
            "count": 1
        },
        "Agent.Policy.LearningRate.sum": {
            "value": 0.0011969167810277398,
            "min": 0.0011969167810277398,
            "max": 0.0011969167810277398,
            "count": 1
        },
        "Agent.Policy.Epsilon.mean": {
            "value": 0.19974306500000005,
            "min": 0.19974306500000005,
            "max": 0.19974306500000005,
            "count": 1
        },
        "Agent.Policy.Epsilon.sum": {
            "value": 0.7989722600000002,
            "min": 0.7989722600000002,
            "max": 0.7989722600000002,
            "count": 1
        },
        "Agent.Policy.Beta.mean": {
            "value": 0.0004987410185000001,
            "min": 0.0004987410185000001,
            "max": 0.0004987410185000001,
            "count": 1
        },
        "Agent.Policy.Beta.sum": {
            "value": 0.0019949640740000003,
            "min": 0.0019949640740000003,
            "max": 0.0019949640740000003,
            "count": 1
        },
        "Agent.Policy.GAILPolicyEstimate.mean": {
            "value": 0.09494328203921516,
            "min": 0.09494328203921516,
            "max": 0.09494328203921516,
            "count": 1
        },
        "Agent.Policy.GAILPolicyEstimate.sum": {
            "value": 0.37977312815686065,
            "min": 0.37977312815686065,
            "max": 0.37977312815686065,
            "count": 1
        },
        "Agent.Policy.GAILExpertEstimate.mean": {
            "value": 0.8910120222717524,
            "min": 0.8910120222717524,
            "max": 0.8910120222717524,
            "count": 1
        },
        "Agent.Policy.GAILExpertEstimate.sum": {
            "value": 3.5640480890870094,
            "min": 3.5640480890870094,
            "max": 3.5640480890870094,
            "count": 1
        },
        "Agent.Losses.GAILLoss.mean": {
            "value": 0.2557243516047795,
            "min": 0.2557243516047795,
            "max": 0.2557243516047795,
            "count": 1
        },
        "Agent.Losses.GAILLoss.sum": {
            "value": 1.022897406419118,
            "min": 1.022897406419118,
            "max": 1.022897406419118,
            "count": 1
        },
        "Agent.Policy.GAILGradMagLoss.mean": {
            "value": 2.651225489253799,
            "min": 2.651225489253799,
            "max": 2.651225489253799,
            "count": 1
        },
        "Agent.Policy.GAILGradMagLoss.sum": {
            "value": 10.604901957015196,
            "min": 10.604901957015196,
            "max": 10.604901957015196,
            "count": 1
        },
        "Agent.Losses.PretrainingLoss.mean": {
            "value": 0.727980727950732,
            "min": 0.727980727950732,
            "max": 0.727980727950732,
            "count": 1
        },
        "Agent.Losses.PretrainingLoss.sum": {
            "value": 2.911922911802928,
            "min": 2.911922911802928,
            "max": 2.911922911802928,
            "count": 1
        },
        "Agent.IsTraining.mean": {
            "value": 1.0,
            "min": 1.0,
            "max": 1.0,
            "count": 1
        },
        "Agent.IsTraining.sum": {
            "value": 1.0,
            "min": 1.0,
            "max": 1.0,
            "count": 1
        }
    },
    "metadata": {
        "timer_format_version": "0.1.0",
        "start_time_seconds": "1711133076",
        "python_version": "3.9.7 | packaged by conda-forge | (default, Sep 29 2021, 19:23:19) \n[Clang 11.1.0 ]",
        "command_line_arguments": "/Users/aleynawarner/miniconda3/envs/unity-mla/bin/mlagents-learn config/agent_config.yaml --run-id=RunIdExample --force",
        "mlagents_version": "0.28.0",
        "mlagents_envs_version": "0.28.0",
        "communication_protocol_version": "1.5.0",
        "pytorch_version": "1.8.0.post3",
        "numpy_version": "1.20.0",
        "end_time_seconds": "1711133355"
    },
    "total": 279.837829291,
    "count": 1,