{
    "name": "root",
    "gauges": {
        "Agent.Policy.Entropy.mean": {
            "value": 3.117234230041504,
            "min": 2.204049587249756,
            "max": 4.213841915130615,
            "count": 94
        },
        "Agent.Policy.Entropy.sum": {
            "value": 14089.8984375,
            "min": 10707.2734375,
            "max": 22235.66796875,
            "count": 94
        },
        "Agent.Step.mean": {
            "value": 469940.0,
            "min": 4992.0,
            "max": 469940.0,
            "count": 94
        },
        "Agent.Step.sum": {
            "value": 469940.0,
            "min": 4992.0,
            "max": 469940.0,
            "count": 94
        },
        "Agent.Policy.ExtrinsicValueEstimate.mean": {
            "value": 1.7193820476531982,
            "min": -639.7952270507812,
            "max": 1.7778503894805908,
            "count": 94
        },
        "Agent.Policy.ExtrinsicValueEstimate.sum": {
            "value": 134.11180114746094,
            "min": -49904.02734375,
            "max": 138.67233276367188,
            "count": 94
        },
        "Agent.Policy.GailValueEstimate.mean": {
            "value": 0.1304299682378769,
            "min": -0.5149039030075073,
            "max": 3.302433729171753,
            "count": 94
        },
        "Agent.Policy.GailValueEstimate.sum": {
            "value": 10.173537254333496,
            "min": -41.707218170166016,
            "max": 264.1947021484375,
            "count": 94
        },
        "Agent.IsTraining.mean": {
            "value": 1.0,
            "min": 1.0,
            "max": 1.0,
            "count": 94
        },
        "Agent.IsTraining.sum": {
            "value": 1.0,
            "min": 1.0,
            "max": 1.0,
            "count": 94
        },
        "Agent.Losses.PolicyLoss.mean": {
            "value": 0.02233245707223735,
            "min": 0.018611363707653556,
            "max": 0.02824697156320326,
            "count": 45
        },
        "Agent.Losses.PolicyLoss.sum": {
            "value": 0.02233245707223735,
            "min": 0.018611363707653556,
            "max": 0.02824697156320326,
            "count": 45
        },
        "Agent.Losses.ValueLoss.mean": {
            "value": 6.031597769260406,
            "min": 1.2250439882278443,
            "max": 44612.7130859375,
            "count": 45
        },
        "Agent.Losses.ValueLoss.sum": {
            "value": 6.031597769260406,
            "min": 1.2250439882278443,
            "max": 44612.7130859375,
            "count": 45
        },
        "Agent.Policy.LearningRate.mean": {
            "value": 0.0004766086046782799,
            "min": 0.0004766086046782799,
            "max": 0.0004994688001062401,
            "count": 45
        },
        "Agent.Policy.LearningRate.sum": {
            "value": 0.0004766086046782799,
            "min": 0.0004766086046782799,
            "max": 0.0004994688001062401,
            "count": 45
        },
        "Agent.Policy.Epsilon.mean": {
            "value": 0.19532172000000003,
            "min": 0.19532172000000003,
            "max": 0.19989376,
            "count": 45
        },
        "Agent.Policy.Epsilon.sum": {
            "value": 0.19532172000000003,
            "min": 0.19532172000000003,
            "max": 0.19989376,
            "count": 45
        },
        "Agent.Policy.Beta.mean": {
            "value": 0.00047707642799999997,
            "min": 0.00047707642799999997,
            "max": 0.0004994794239999999,
            "count": 45
        },
        "Agent.Policy.Beta.sum": {
            "value": 0.00047707642799999997,
            "min": 0.00047707642799999997,
            "max": 0.0004994794239999999,
            "count": 45
        },
        "Agent.Policy.GAILPolicyEstimate.mean": {
            "value": 0.00030871113607039056,
            "min": 4.7298569431101596e-05,
            "max": 0.04657172680987666,
            "count": 45
        },
        "Agent.Policy.GAILPolicyEstimate.sum": {
            "value": 0.00030871113607039056,
            "min": 4.7298569431101596e-05,
            "max": 0.04657172680987666,
            "count": 45
        },
        "Agent.Policy.GAILExpertEstimate.mean": {
            "value": 0.9980128973722457,
            "min": 0.9475959926843643,
            "max": 0.9999797662099202,
            "count": 45
        },
        "Agent.Policy.GAILExpertEstimate.sum": {
            "value": 0.9980128973722457,
            "min": 0.9475959926843643,
            "max": 0.9999797662099202,
            "count": 45
        },
        "Agent.Losses.GAILLoss.mean": {
            "value": 0.0023095234452436366,
            "min": 0.00017210281475854572,
            "max": 0.11249152850359678,
            "count": 45
        },
        "Agent.Losses.GAILLoss.sum": {
            "value": 0.0023095234452436366,
            "min": 0.00017210281475854572,
            "max": 0.11249152850359678,
            "count": 45
        },
        "Agent.Policy.GAILGradMagLoss.mean": {
            "value": 0.012480814615264535,
            "min": 0.0055502847380315265,
            "max": 7.632493853569031,
            "count": 45
        },
        "Agent.Policy.GAILGradMagLoss.sum": {
            "value": 0.012480814615264535,
            "min": 0.0055502847380315265,
            "max": 7.632493853569031,
            "count": 45
        },
        "Agent.Losses.PretrainingLoss.mean": {
            "value": 0.2012075036764145,
            "min": 0.19971304138501486,
            "max": 0.9226108988126119,
            "count": 45
        },
        "Agent.Losses.PretrainingLoss.sum": {
            "value": 0.2012075036764145,
            "min": 0.19971304138501486,
            "max": 0.9226108988126119,
            "count": 45
        },
        "Agent.Environment.EpisodeLength.mean": {
            "value": 1203.0,
            "min": 1202.0,
            "max": 1203.0,
            "count": 30
        },
        "Agent.Environment.EpisodeLength.sum": {
            "value": 14436.0,
            "min": 2404.0,
            "max": 19248.0,
            "count": 30
        },
        "Agent.Environment.CumulativeReward.mean": {
            "value": 24.304582700133324,
            "min": -15290.428829190632,
            "max": 87.66499873499076,
            "count": 30
        },
        "Agent.Environment.CumulativeReward.sum": {
            "value": 291.6549924015999,
            "min": -193221.6451188028,
            "max": 291.6549924015999,
            "count": 30
        },
        "Agent.Policy.ExtrinsicReward.mean": {
            "value": 24.304582700133324,
            "min": -15290.428829190632,
            "max": 87.66499873499076,
            "count": 30
        },
        "Agent.Policy.ExtrinsicReward.sum": {
            "value": 291.6549924015999,
            "min": -193221.6451188028,
            "max": 291.6549924015999,
            "count": 30
        },
        "Agent.Policy.GailReward.mean": {
            "value": 2.7050174641568723,
            "min": 0.0035677749251230573,
            "max": 60.24349882950386,
            "count": 30
        },
        "Agent.Policy.GailReward.sum": {
            "value": 32.460209569882466,
            "min": 0.04281329910147669,
            "max": 722.9219859540462,
            "count": 30
        }
    },
    "metadata": {
        "timer_format_version": "0.1.0",
        "start_time_seconds": "1712470094",
        "python_version": "3.8.10 (tags/v3.8.10:3d8993a, May  3 2021, 11:48:03) [MSC v.1928 64 bit (AMD64)]",
        "command_line_arguments": "C:\\Users\\aleyn\\AppData\\Local\\Programs\\Python\\Python38\\Scripts\\mlagents-learn config/agent_config.yaml --run-id=training10 --force --env=bobthebuilder/Final Project Testing V2 --num-envs=8 --width=1280 --height=720",
        "mlagents_version": "0.28.0",
        "mlagents_envs_version": "0.28.0",
        "communication_protocol_version": "1.5.0",