{
    "name": "root",
    "gauges": {
        "Agent.Policy.Entropy.mean": {
            "value": 2.0187952518463135,
            "min": 1.1040438413619995,
            "max": 3.0395898818969727,
            "count": 21
        },
        "Agent.Policy.Entropy.sum": {
            "value": 9920.359375,
            "min": 3930.396240234375,
            "max": 15021.6533203125,
            "count": 21
        },
        "Agent.Step.mean": {
            "value": 6664971.0,
            "min": 6564968.0,
            "max": 6664971.0,
            "count": 21
        },
        "Agent.Step.sum": {
            "value": 6664971.0,
            "min": 6564968.0,
            "max": 6664971.0,
            "count": 21
        },
        "Agent.Policy.ExtrinsicValueEstimate.mean": {
            "value": 6.637182235717773,
            "min": -1.0627392530441284,
            "max": 20.899328231811523,
            "count": 21
        },
        "Agent.Policy.ExtrinsicValueEstimate.sum": {
            "value": 524.33740234375,
            "min": -83.9563980102539,
            "max": 1128.563720703125,
            "count": 21
        },
        "Agent.Policy.GailValueEstimate.mean": {
            "value": 0.48761919140815735,
            "min": 0.10823960602283478,
            "max": 0.5744777917861938,
            "count": 21
        },
        "Agent.Policy.GailValueEstimate.sum": {
            "value": 38.521915435791016,
            "min": 8.550929069519043,
            "max": 45.38374710083008,
            "count": 21
        },
        "Agent.Environment.EpisodeLength.mean": {
            "value": 967.3333333333334,
            "min": 967.3333333333334,
            "max": 1202.5,
            "count": 21
        },
        "Agent.Environment.EpisodeLength.sum": {
            "value": 5804.0,
            "min": 2404.0,
            "max": 7214.0,
            "count": 21
        },
        "Agent.Self-play.ELO.mean": {
            "value": 375.63386753400806,
            "min": 375.63386753400806,
            "max": 408.85921700070224,
            "count": 21
        },
        "Agent.Self-play.ELO.sum": {
            "value": 2253.8032052040485,
            "min": 817.7184340014045,
            "max": 2383.6894944285764,
            "count": 21
        },
        "Agent.Environment.CumulativeReward.mean": {
            "value": 28.720597557723522,
            "min": 8.800249018706381,
            "max": 942.6002685455605,
            "count": 21
        },
        "Agent.Environment.CumulativeReward.sum": {
            "value": 143.6029877886176,
            "min": 35.200996074825525,
            "max": 1961.7664828933775,
            "count": 21
        },
        "Agent.Policy.ExtrinsicReward.mean": {
            "value": 28.720597557723522,
            "min": 8.800249018706381,
            "max": 942.6002685455605,
            "count": 21
        },
        "Agent.Policy.ExtrinsicReward.sum": {
            "value": 143.6029877886176,
            "min": 35.200996074825525,
            "max": 1961.7664828933775,
            "count": 21
        },
        "Agent.Policy.GailReward.mean": {
            "value": 3.4249491520637556,
            "min": 0.2182874685453085,
            "max": 22.140663849490846,
            "count": 21
        },
        "Agent.Policy.GailReward.sum": {
            "value": 17.124745760318778,
            "min": 0.873149874181234,
            "max": 88.56265539796338,
            "count": 21
        },
        "Agent.IsTraining.mean": {
            "value": 1.0,
            "min": 1.0,
            "max": 1.0,
            "count": 21
        },
        "Agent.IsTraining.sum": {
            "value": 1.0,
            "min": 1.0,
            "max": 1.0,
            "count": 21
        },
        "Agent.Losses.PolicyLoss.mean": {
            "value": 0.02489909508731216,
            "min": 0.022411256061968744,
            "max": 0.027850852117990144,
            "count": 10
        },
        "Agent.Losses.PolicyLoss.sum": {
            "value": 0.02489909508731216,
            "min": 0.022411256061968744,
            "max": 0.027850852117990144,
            "count": 10
        },
        "Agent.Losses.ValueLoss.mean": {
            "value": 4.201287722587585,
            "min": 4.201287722587585,
            "max": 97.88776823679606,
            "count": 10
        },
        "Agent.Losses.ValueLoss.sum": {
            "value": 4.201287722587585,
            "min": 4.201287722587585,
            "max": 97.88776823679606,
            "count": 10
        },
        "Agent.Policy.LearningRate.mean": {
            "value": 0.00016679246664151997,
            "min": 0.00016679246664151997,
            "max": 0.00017140986571804,
            "count": 10
        },
        "Agent.Policy.LearningRate.sum": {
            "value": 0.00016679246664151997,
            "min": 0.00016679246664151997,
            "max": 0.00017140986571804,
            "count": 10
        },
        "Agent.Policy.Epsilon.mean": {
            "value": 0.13335848000000003,
            "min": 0.13335848000000003,
            "max": 0.13428196,
            "count": 10
        },
        "Agent.Policy.Epsilon.sum": {
            "value": 0.13335848000000003,
            "min": 0.13335848000000003,
            "max": 0.13428196,
            "count": 10
        },
        "Agent.Policy.Beta.mean": {
            "value": 0.00017345655200000002,
            "min": 0.00017345655200000002,
            "max": 0.000177981604,
            "count": 10
        },
        "Agent.Policy.Beta.sum": {
            "value": 0.00017345655200000002,
            "min": 0.00017345655200000002,
            "max": 0.000177981604,
            "count": 10
        },
        "Agent.Policy.GAILPolicyEstimate.mean": {
            "value": 0.056746316887438294,
            "min": 0.006587177612042676,
            "max": 0.056746316887438294,
            "count": 10
        },
        "Agent.Policy.GAILPolicyEstimate.sum": {
            "value": 0.056746316887438294,
            "min": 0.006587177612042676,
            "max": 0.056746316887438294,
            "count": 10
        },
        "Agent.Policy.GAILExpertEstimate.mean": {
            "value": 0.9577565977970759,
            "min": 0.9577565977970759,
            "max": 0.9948476533095042,
            "count": 10
        },
        "Agent.Policy.GAILExpertEstimate.sum": {
            "value": 0.9577565977970759,
            "min": 0.9577565977970759,
            "max": 0.9948476533095042,
            "count": 10
        },
        "Agent.Losses.GAILLoss.mean": {
            "value": 0.13822939892609915,
            "min": 0.01787071439127127,
            "max": 0.13822939892609915,
            "count": 10
        },
        "Agent.Losses.GAILLoss.sum": {
            "value": 0.13822939892609915,
            "min": 0.01787071439127127,
            "max": 0.13822939892609915,
            "count": 10
        },
        "Agent.Policy.GAILGradMagLoss.mean": {
            "value": 0.04181321330058078,
            "min": 0.00783021174526463,
            "max": 0.04181321330058078,
            "count": 10
        },
        "Agent.Policy.GAILGradMagLoss.sum": {
            "value": 0.04181321330058078,
            "min": 0.00783021174526463,
            "max": 0.04181321330058078,
            "count": 10
        },
        "Agent.Losses.PretrainingLoss.mean": {
            "value": 0.10911357402801514,
            "min": 0.08026224126418431,
            "max": 0.13561848551034927,
            "count": 10
        },
        "Agent.Losses.PretrainingLoss.sum": {
            "value": 0.10911357402801514,
            "min": 0.08026224126418431,
            "max": 0.13561848551034927,
            "count": 10
        }
    },
    "metadata": {
        "timer_format_version": "0.1.0",
        "start_time_seconds": "1712615507",
        "python_version": "3.8.10 (tags/v3.8.10:3d8993a, May  3 2021, 11:48:03) [MSC v.1928 64 bit (AMD64)]",