{
    "name": "root",
    "gauges": {
        "Agent.Policy.Entropy.mean": {
            "value": 1.610168218612671,
            "min": 1.610168218612671,
            "max": 1.610168218612671,
            "count": 1
        },
        "Agent.Policy.Entropy.sum": {
            "value": 75484.6875,
            "min": 75484.6875,
            "max": 75484.6875,
            "count": 1
        },
        "Agent.Step.mean": {
            "value": 549976.0,
            "min": 549976.0,
            "max": 549976.0,
            "count": 1
        },
        "Agent.Step.sum": {
            "value": 549976.0,
            "min": 549976.0,
            "max": 549976.0,
            "count": 1
        },
        "Agent.Policy.ExtrinsicValueEstimate.mean": {
            "value": -1285.9400634765625,
            "min": -1285.9400634765625,
            "max": -1285.9400634765625,
            "count": 1
        },
        "Agent.Policy.ExtrinsicValueEstimate.sum": {
            "value": -949023.75,
            "min": -949023.75,
            "max": -949023.75,
            "count": 1
        },
        "Agent.Policy.GailValueEstimate.mean": {
            "value": 2.1195027828216553,
            "min": 2.1195027828216553,
            "max": 2.1195027828216553,
            "count": 1
        },
        "Agent.Policy.GailValueEstimate.sum": {
            "value": 1564.1929931640625,
            "min": 1564.1929931640625,
            "max": 1564.1929931640625,
            "count": 1
        },
        "Agent.Environment.EpisodeLength.mean": {
            "value": 1202.3684210526317,
            "min": 1202.3684210526317,
            "max": 1202.3684210526317,
            "count": 1
        },
        "Agent.Environment.EpisodeLength.sum": {
            "value": 45690.0,
            "min": 45690.0,
            "max": 45690.0,
            "count": 1
        },
        "Agent.Environment.CumulativeReward.mean": {
            "value": -11823.660531223604,
            "min": -11823.660531223604,
            "max": -11823.660531223604,
            "count": 1
        },
        "Agent.Environment.CumulativeReward.sum": {
            "value": -449299.100186497,
            "min": -449299.100186497,
            "max": -449299.100186497,
            "count": 1
        },
        "Agent.Policy.ExtrinsicReward.mean": {
            "value": -11823.660531223604,
            "min": -11823.660531223604,
            "max": -11823.660531223604,
            "count": 1
        },
        "Agent.Policy.ExtrinsicReward.sum": {
            "value": -449299.100186497,
            "min": -449299.100186497,
            "max": -449299.100186497,
            "count": 1
        },
        "Agent.Policy.GailReward.mean": {
            "value": 18.0596012407574,
            "min": 18.0596012407574,
            "max": 18.0596012407574,
            "count": 1
        },
        "Agent.Policy.GailReward.sum": {
            "value": 686.2648471487812,
            "min": 686.2648471487812,
            "max": 686.2648471487812,
            "count": 1
        },
        "Agent.Losses.PolicyLoss.mean": {
            "value": 0.024428511555258107,
            "min": 0.024428511555258107,
            "max": 0.024428511555258107,
            "count": 1
        },
        "Agent.Losses.PolicyLoss.sum": {
            "value": 0.09771404622103243,
            "min": 0.09771404622103243,
            "max": 0.09771404622103243,
            "count": 1
        },
        "Agent.Losses.ValueLoss.mean": {
            "value": 8971.33853556315,
            "min": 8971.33853556315,
            "max": 8971.33853556315,
            "count": 1
        },
        "Agent.Losses.ValueLoss.sum": {
            "value": 35885.3541422526,
            "min": 35885.3541422526,
            "max": 35885.3541422526,
            "count": 1
        },
        "Agent.Policy.LearningRate.mean": {
            "value": 0.000284132480289175,
            "min": 0.000284132480289175,
            "max": 0.000284132480289175,
            "count": 1
        },
        "Agent.Policy.LearningRate.sum": {
            "value": 0.0011365299211567,
            "min": 0.0011365299211567,
            "max": 0.0011365299211567,
            "count": 1
        },
        "Agent.Policy.Epsilon.mean": {
            "value": 0.19471082500000003,
            "min": 0.19471082500000003,
            "max": 0.19471082500000003,
            "count": 1
        },
        "Agent.Policy.Epsilon.sum": {
            "value": 0.7788433000000001,
            "min": 0.7788433000000001,
            "max": 0.7788433000000001,
            "count": 1
        },
        "Agent.Policy.Beta.mean": {
            "value": 0.0004740830425000001,
            "min": 0.0004740830425000001,
            "max": 0.0004740830425000001,
            "count": 1
        },
        "Agent.Policy.Beta.sum": {
            "value": 0.0018963321700000003,
            "min": 0.0018963321700000003,
            "max": 0.0018963321700000003,
            "count": 1
        },
        "Agent.Policy.GAILPolicyEstimate.mean": {
            "value": 0.012999649081029928,
            "min": 0.012999649081029928,
            "max": 0.012999649081029928,
            "count": 1
        },
        "Agent.Policy.GAILPolicyEstimate.sum": {
            "value": 0.05199859632411971,
            "min": 0.05199859632411971,
            "max": 0.05199859632411971,
            "count": 1
        },
        "Agent.Policy.GAILExpertEstimate.mean": {
            "value": 0.9845328117410341,
            "min": 0.9845328117410341,
            "max": 0.9845328117410341,
            "count": 1
        },
        "Agent.Policy.GAILExpertEstimate.sum": {
            "value": 3.9381312469641365,
            "min": 3.9381312469641365,
            "max": 3.9381312469641365,
            "count": 1
        },
        "Agent.Losses.GAILLoss.mean": {
            "value": 0.03421962122277667,
            "min": 0.03421962122277667,
            "max": 0.03421962122277667,
            "count": 1
        },
        "Agent.Losses.GAILLoss.sum": {
            "value": 0.13687848489110668,
            "min": 0.13687848489110668,
            "max": 0.13687848489110668,
            "count": 1
        },
        "Agent.Policy.GAILGradMagLoss.mean": {
            "value": 0.06494649631980186,
            "min": 0.06494649631980186,
            "max": 0.06494649631980186,
            "count": 1
        },
        "Agent.Policy.GAILGradMagLoss.sum": {
            "value": 0.25978598527920743,
            "min": 0.25978598527920743,
            "max": 0.25978598527920743,
            "count": 1
        },
        "Agent.Losses.PretrainingLoss.mean": {
            "value": 0.17154251039028168,
            "min": 0.17154251039028168,
            "max": 0.17154251039028168,
            "count": 1
        },
        "Agent.Losses.PretrainingLoss.sum": {
            "value": 0.6861700415611267,
            "min": 0.6861700415611267,
            "max": 0.6861700415611267,
            "count": 1
        },
        "Agent.IsTraining.mean": {
            "value": 1.0,
            "min": 1.0,
            "max": 1.0,
            "count": 1
        },
        "Agent.IsTraining.sum": {
            "value": 1.0,
            "min": 1.0,
            "max": 1.0,
            "count": 1
        }
    },
    "metadata": {
        "timer_format_version": "0.1.0",
        "start_time_seconds": "1712352574",
        "python_version": "3.9.7 | packaged by conda-forge | (default, Sep 29 2021, 19:23:19) \n[Clang 11.1.0 ]",
        "command_line_arguments": "/Users/aleynawarner/miniconda3/envs/unity-mla/bin/mlagents-learn config/agent_config.yaml --run-id=training1 --resume",
        "mlagents_version": "0.28.0",
        "mlagents_envs_version": "0.28.0",
        "communication_protocol_version": "1.5.0",
        "pytorch_version": "1.8.0.post3",
        "numpy_version": "1.20.0",
        "end_time_seconds": "1712352892"
    },
    "total": 318.775519916,
    "count": 1,