{
    "name": "root",
    "gauges": {
        "Agent.Policy.Entropy.mean": {
            "value": 2.870727062225342,
            "min": 2.870727062225342,
            "max": 4.090836048126221,
            "count": 5
        },
        "Agent.Policy.Entropy.sum": {
            "value": 143691.375,
            "min": 143691.375,
            "max": 204762.71875,
            "count": 5
        },
        "Agent.Step.mean": {
            "value": 249936.0,
            "min": 49990.0,
            "max": 249936.0,
            "count": 5
        },
        "Agent.Step.sum": {
            "value": 249936.0,
            "min": 49990.0,
            "max": 249936.0,
            "count": 5
        },
        "Agent.Policy.ExtrinsicValueEstimate.mean": {
            "value": -14.686233520507812,
            "min": -395.15399169921875,
            "max": -14.686233520507812,
            "count": 5
        },
        "Agent.Policy.ExtrinsicValueEstimate.sum": {
            "value": -11587.4384765625,
            "min": -311776.5,
            "max": -11587.4384765625,
            "count": 5
        },
        "Agent.Policy.GailValueEstimate.mean": {
            "value": 0.8989966511726379,
            "min": 0.8147039413452148,
            "max": 3.137807846069336,
            "count": 5
        },
        "Agent.Policy.GailValueEstimate.sum": {
            "value": 709.308349609375,
            "min": 642.8013916015625,
            "max": 2475.73046875,
            "count": 5
        },
        "Agent.Environment.EpisodeLength.mean": {
            "value": 1202.35,
            "min": 1202.3333333333333,
            "max": 1202.35,
            "count": 5
        },
        "Agent.Environment.EpisodeLength.sum": {
            "value": 48094.0,
            "min": 48094.0,
            "max": 50498.0,
            "count": 5
        },
        "Agent.Environment.CumulativeReward.mean": {
            "value": -1.1679373797029258,
            "min": -9906.202936586738,
            "max": -1.1679373797029258,
            "count": 5
        },
        "Agent.Environment.CumulativeReward.sum": {
            "value": -46.71749518811703,
            "min": -396248.1174634695,
            "max": -46.71749518811703,
            "count": 5
        },
        "Agent.Policy.ExtrinsicReward.mean": {
            "value": -1.1679373797029258,
            "min": -9906.202936586738,
            "max": -1.1679373797029258,
            "count": 5
        },
        "Agent.Policy.ExtrinsicReward.sum": {
            "value": -46.71749518811703,
            "min": -396248.1174634695,
            "max": -46.71749518811703,
            "count": 5
        },
        "Agent.Policy.GailReward.mean": {
            "value": 8.447677357886779,
            "min": 8.447677357886779,
            "max": 91.204844391215,
            "count": 5
        },
        "Agent.Policy.GailReward.sum": {
            "value": 337.9070943154711,
            "min": 337.9070943154711,
            "max": 3648.1937756486004,
            "count": 5
        },
        "Agent.Losses.PolicyLoss.mean": {
            "value": 0.023025398960162417,
            "min": 0.022640125879030772,
            "max": 0.02404370888189684,
            "count": 5
        },
        "Agent.Losses.PolicyLoss.sum": {
            "value": 0.1151269948008121,
            "min": 0.09156704104292052,
            "max": 0.12021854440948421,
            "count": 5
        },
        "Agent.Losses.ValueLoss.mean": {
            "value": 11.696139974594116,
            "min": 11.696139974594116,
            "max": 16979.22982788086,
            "count": 5
        },
        "Agent.Losses.ValueLoss.sum": {
            "value": 58.48069987297058,
            "min": 58.48069987297058,
            "max": 67916.91931152344,
            "count": 5
        },
        "Agent.Policy.LearningRate.mean": {
            "value": 0.000293222690259104,
            "min": 0.000293222690259104,
            "max": 0.00029922919525693495,
            "count": 5
        },
        "Agent.Policy.LearningRate.sum": {
            "value": 0.0014661134512955198,
            "min": 0.0011969167810277398,
            "max": 0.0014892059435980198,
            "count": 5
        },
        "Agent.Policy.Epsilon.mean": {
            "value": 0.19774089600000003,
            "min": 0.19774089600000003,
            "max": 0.19974306500000005,
            "count": 5
        },
        "Agent.Policy.Epsilon.sum": {
            "value": 0.9887044800000001,
            "min": 0.7989722600000002,
            "max": 0.9964019800000001,
            "count": 5
        },
        "Agent.Policy.Beta.mean": {
            "value": 0.0004889303904,
            "min": 0.0004889303904,
            "max": 0.0004987410185000001,
            "count": 5
        },
        "Agent.Policy.Beta.sum": {
            "value": 0.002444651952,
            "min": 0.0019949640740000003,
            "max": 0.0024823697019999997,
            "count": 5
        },
        "Agent.Policy.GAILPolicyEstimate.mean": {
            "value": 0.027869198067734642,
            "min": 0.027869198067734642,
            "max": 0.1082416113310804,
            "count": 5
        },
        "Agent.Policy.GAILPolicyEstimate.sum": {
            "value": 0.1393459903386732,
            "min": 0.1393459903386732,
            "max": 0.4329664453243216,
            "count": 5
        },
        "Agent.Policy.GAILExpertEstimate.mean": {
            "value": 0.971203763882319,
            "min": 0.9036139532923698,
            "max": 0.971203763882319,
            "count": 5
        },
        "Agent.Policy.GAILExpertEstimate.sum": {
            "value": 4.856018819411595,
            "min": 3.6144558131694793,
            "max": 4.856018819411595,
            "count": 5
        },
        "Agent.Losses.GAILLoss.mean": {
            "value": 0.06346379321068527,
            "min": 0.06346379321068527,
            "max": 0.25344822549571594,
            "count": 5
        },
        "Agent.Losses.GAILLoss.sum": {
            "value": 0.3173189660534263,
            "min": 0.3173189660534263,
            "max": 1.0137929019828638,
            "count": 5
        },
        "Agent.Policy.GAILGradMagLoss.mean": {
            "value": 0.06009061157703399,
            "min": 0.06009061157703399,
            "max": 2.4697525384525463,
            "count": 5
        },
        "Agent.Policy.GAILGradMagLoss.sum": {
            "value": 0.30045305788516996,
            "min": 0.30045305788516996,
            "max": 9.879010153810185,
            "count": 5
        },
        "Agent.Losses.PretrainingLoss.mean": {
            "value": 0.3981915195782979,
            "min": 0.3981915195782979,
            "max": 0.8164099007844925,
            "count": 5
        },
        "Agent.Losses.PretrainingLoss.sum": {
            "value": 1.9909575978914895,
            "min": 1.9909575978914895,
            "max": 3.26563960313797,
            "count": 5
        },
        "Agent.IsTraining.mean": {
            "value": 1.0,
            "min": 1.0,
            "max": 1.0,
            "count": 5
        },
        "Agent.IsTraining.sum": {
            "value": 1.0,
            "min": 1.0,
            "max": 1.0,
            "count": 5
        }
    },
    "metadata": {
        "timer_format_version": "0.1.0",
        "start_time_seconds": "1712447844",
        "python_version": "3.8.10 (tags/v3.8.10:3d8993a, May  3 2021, 11:48:03) [MSC v.1928 64 bit (AMD64)]",
        "command_line_arguments": "C:\\Users\\aleyn\\AppData\\Local\\Programs\\Python\\Python38\\Scripts\\mlagents-learn config/agent_config.yaml --run-id=training4 --force",
        "mlagents_version": "0.28.0",
        "mlagents_envs_version": "0.28.0",
        "communication_protocol_version": "1.5.0",
        "pytorch_version": "1.7.1+cu110",
        "numpy_version": "1.19.5",
        "end_time_seconds": "1712450379"
    },
    "total": 2535.1260153999997,
    "count": 1,